{
  "饮料冲调": {
    "count": 479,
    "total_sales": 4016938,
    "total_gmv": 243069166.13000008
  },
  "保健食品/营养补充": {
    "count": 1438,
    "total_sales": 1424496,
    "total_gmv": 174627887.22999993
  },
  "乳品冷饮": {
    "count": 321,
    "total_sales": 2653230,
    "total_gmv": 216944202.08
  },
  "茗茶": {
    "count": 90,
    "total_sales": 596916,
    "total_gmv": 37924612.07
  },
  "传统滋补": {
    "count": 685,
    "total_sales": 5356250,
    "total_gmv": 416188260.0900003
  },
  "休闲食品": {
    "count": 2012,
    "total_sales": 12183001,
    "total_gmv": 655091266.3800005
  },
  "宠物生活": {
    "count": 1440,
    "total_sales": 739975,
    "total_gmv": 54694414.64999998
  },
  "生鲜": {
    "count": 1575,
    "total_sales": 11850056,
    "total_gmv": 707400688.1900008
  },
  "粮油调味": {
    "count": 736,
    "total_sales": 5828605,
    "total_gmv": 295179582.75999993
  },
  "酒类": {
    "count": 1874,
    "total_sales": 3353642,
    "total_gmv": 500134849.2599998
  }
}